student_id,question_id,predicted_probability
346,7,0.9756
102,0,0.9501
342,18,0.9991
340,4,0.9953
215,15,0.9878
379,3,0.9917
387,0,0.9967
603,19,0.1563
547,19,0.5723
127,5,0.8665
339,20,0.8166
293,8,0.9922
515,21,0.9994
176,9,0.9981
601,17,0.9993
158,20,0.986
289,12,0.2171
19,4,0.2386
327,3,0.7738
503,10,0.9992
114,19,0.8975
295,25,0.9995
117,1,0.9973
327,7,0.334
44,13,0.8054
339,12,0.9982
441,10,0.9854
171,8,0.4404
586,15,0.9018
225,13,0.2619
322,9,0.799
490,12,0.9988
81,1,0.988
473,6,0.9492
78,3,0.7366
428,21,0.9974
233,21,0.9982
512,4,0.9968
120,11,0.4762
428,12,0.9526
3,0,0.9977
266,4,0.9895
290,0,0.4376
373,5,0.118
101,1,0.9985
614,4,0.851
454,18,0.8492
260,14,0.8062
339,5,0.9845
395,19,0.9908
577,6,0.9816
88,0,0.9277
123,0,0.9893
131,16,0.1052
365,16,0.9938
197,4,0.9959
415,21,0.9975
407,18,0.5565
288,16,0.1336
315,10,0.9987
388,4,0.9945
319,23,0.8543
338,9,0.9995
268,8,0.3203
549,13,0.9914
606,21,0.9965
380,8,0.9919
577,11,0.5687
312,12,0.9351
582,14,0.384
131,18,0.9985
517,6,0.2086
19,0,0.3297
540,22,0.9878
304,12,0.9993
485,19,0.2243
477,11,0.4481
359,22,0.8536
198,9,0.9592
48,21,0.9985
290,9,0.1991
335,19,0.2483
211,11,0.9108
179,10,0.9991
262,19,0.3307
175,18,0.9748
203,17,0.9992
604,13,0.9881
590,20,0.9018
16,15,0.8836
223,9,0.9989
38,1,0.9982
52,11,0.774
437,1,0.9957
484,8,0.1604
174,17,0.6632
567,4,0.6282
545,4,0.9654
439,8,0.7349
390,5,0.942
426,0,0.8969
532,12,0.9975
250,16,0.9959
478,17,0.9449
449,23,0.9906
608,25,0.9883
307,12,0.9991
574,5,0.8559
479,18,0.9992
198,23,0.978
12,25,0.9986
553,17,0.9988
342,8,0.9908
415,1,0.9985
54,13,0.9948
225,4,0.8986
202,4,0.9318
481,21,0.1574
78,12,0.994
474,9,0.9973
284,0,0.2646
263,13,0.9927
413,20,0.924
440,17,0.9984
14,6,0.2553
341,17,0.9991
326,4,0.9829
160,10,0.9993
392,11,0.5523
185,9,0.9994
529,14,0.9965
265,21,0.5041
307,10,0.9954
459,4,0.9504
132,18,0.2422
317,20,0.7822
596,20,0.7793
484,2,0.6716
106,16,0.9539
132,1,0.9951
291,12,0.097
200,21,0.2709
408,20,0.9796
103,14,0.9946
421,23,0.0669
395,3,0.9904
74,7,0.9881
458,3,0.8926
551,14,0.9918
269,11,0.4386
419,20,0.7799
384,14,0.211
79,13,0.9068
560,18,0.9945
37,21,0.8926
226,25,0.998
340,15,0.9951
40,11,0.7131
101,0,0.9926
35,21,0.9993
491,9,0.9991
127,3,0.9897
539,7,0.9823
493,18,0.9978
575,20,0.9747
148,14,0.9787
326,18,0.8953
360,5,0.9019
241,25,0.6063
483,11,0.5836
77,13,0.9958
348,2,0.9923
535,10,0.9917
193,7,0.527
172,9,0.9917
102,12,0.9988
587,20,0.7016
556,25,0.9866
378,18,0.9533
525,25,0.3488
137,15,0.6526
267,13,0.9884
370,20,0.1082
184,22,0.9798
169,22,0.889
535,23,0.3948
529,2,0.9857
263,21,0.6638
369,13,0.722
466,17,0.9993
295,14,0.9924
157,17,0.9807
599,21,0.9712
8,7,0.8721
493,9,0.8832
21,1,0.9422
496,22,0.2455
204,18,0.2093
203,20,0.9587
256,23,0.9992
180,4,0.8476
416,1,0.9973
169,0,0.995
114,8,0.9914
337,9,0.9995
487,25,0.0974
113,4,0.8869
252,13,0.997
11,10,0.9994
187,20,0.9556
399,15,0.9304
351,16,0.8082
208,4,0.9426
410,9,0.999
243,1,0.9972
501,6,0.2065
403,21,0.9881
9,2,0.998
295,1,0.9982
406,21,0.9488
580,12,0.965
513,22,0.408
607,1,0.9973
167,14,0.4973
143,10,0.9974
318,18,0.9581
207,16,0.5091
152,17,0.999
524,16,0.6965
493,7,0.992
324,24,0.9908
322,0,0.5154
469,7,0.9547
123,6,0.9864
90,2,0.9808
126,7,0.9856
69,23,0.9979
344,4,0.8744
150,0,0.9734
510,22,0.9824
485,3,0.9918
44,21,0.9912
63,24,0.9973
203,13,0.5213
283,3,0.9925
335,14,0.1721
352,25,0.999
182,3,0.9832
452,1,0.9968
59,20,0.958
374,5,0.7272
144,25,0.9986
250,20,0.9821
93,15,0.2514
379,2,0.9951
414,3,0.9932
310,20,0.9622
445,2,0.987
500,1,0.9316
378,24,0.9921
392,22,0.9904
17,18,0.0523
367,18,0.937
82,18,0.9986
330,13,0.835
304,0,0.9482
90,16,0.1736
565,21,0.9989
564,14,0.6937
164,12,0.9985
379,16,0.1606
484,11,0.6168
513,9,0.996
497,4,0.9153
284,12,0.3506
340,8,0.9938
327,11,0.872
155,23,0.9976
302,18,0.9989
373,20,0.4099
12,23,0.9992
254,12,0.9986
504,1,0.9978
331,4,0.9103
145,3,0.9942
479,20,0.3565
225,19,0.2833
291,0,0.9852
617,17,0.3091
337,2,0.9938
494,16,0.9903
596,23,0.9993
44,7,0.9969
600,18,0.9985
453,20,0.2064
134,2,0.6938
479,9,0.9293
309,2,0.9585
33,17,0.9992
257,13,0.9305
221,5,0.8284
170,20,0.3807
151,13,0.9537
360,10,0.9689
350,6,0.9555
139,16,0.9393
457,15,0.2219
467,23,0.9985
403,12,0.6456
464,15,0.8773
565,15,0.9785
254,8,0.9976
61,13,0.9406
437,15,0.9859
413,11,0.7975
89,18,0.9948
598,13,0.9931
452,6,0.935
523,6,0.9625
573,14,0.9716
356,19,0.278
396,11,0.8487
8,25,0.999
534,15,0.3155
155,17,0.9986
234,8,0.5612
459,18,0.1336
379,21,0.9761
566,13,0.4561
120,2,0.9966
288,25,0.83
371,16,0.936
577,24,0.9978
110,14,0.9924
505,21,0.9992
94,9,0.1192
31,8,0.9869
313,10,0.2684
127,0,0.9933
201,25,0.9798
249,25,0.9993
356,16,0.1683
370,5,0.7988
99,0,0.9979
524,17,0.9663
593,3,0.9909
147,11,0.522
610,13,0.9801
204,17,0.9905
33,8,0.9941
419,8,0.0784
419,13,0.1268
451,8,0.1761
267,7,0.9099
23,24,0.9953
164,2,0.9153
10,25,0.9992
290,10,0.3237
184,17,0.9991
465,19,0.9571
462,24,0.921
117,22,0.9898
448,6,0.967
251,0,0.9955
318,17,0.9841
443,3,0.9046
295,2,0.9743
513,8,0.9578
476,0,0.9938
321,12,0.9963
142,19,0.9898
332,6,0.9589
327,8,0.1507
291,9,0.1465
414,11,0.6567
70,15,0.9975
610,14,0.9945
522,8,0.9795
3,7,0.7157
99,17,0.9988
481,11,0.6733
548,17,0.9994
327,24,0.0989
440,9,0.9986
437,5,0.3859
407,7,0.9932
407,23,0.9219
569,15,0.999
540,4,0.9919
488,1,0.9987
381,25,0.4313
601,6,0.5707
26,7,0.9965
362,11,0.7099
25,18,0.9737
449,15,0.4053
466,13,0.9636
579,11,0.5766
320,7,0.9846
127,24,0.7322
218,18,0.9991
500,5,0.1442
579,23,0.9544
372,14,0.6051
209,24,0.2096
509,2,0.9969
309,10,0.9955
259,17,0.6274
1,9,0.9964
181,8,0.9968
287,14,0.995
322,24,0.3944
128,6,0.9838
551,7,0.7351
393,23,0.992
405,18,0.9959
174,22,0.4394
221,2,0.9801
556,9,0.9973
421,24,0.0709
4,14,0.954
505,17,0.9992
229,3,0.9939
202,19,0.0713
476,25,0.9994
561,5,0.2004
596,3,0.9914
442,20,0.874
30,17,0.9993
168,15,0.5035
461,23,0.9987
332,2,0.7435
78,25,0.9993
317,13,0.9537
116,1,0.9988
391,1,0.9985
556,21,0.994
179,15,0.9984
580,16,0.6269
484,22,0.8649
81,9,0.9989
150,13,0.7127
39,8,0.9915
210,19,0.0689
558,21,0.9941
80,25,0.9977
393,12,0.9991
279,17,0.9961
468,1,0.9989
282,9,0.8534
544,21,0.9991
498,14,0.8944
282,25,0.6726
185,18,0.9961
521,12,0.9466
555,15,0.9791
361,10,0.9748
25,12,0.992
503,12,0.9978
461,18,0.9905
446,2,0.6298
108,7,0.9859
344,19,0.935
112,2,0.8911
101,17,0.9994
561,17,0.9934
571,22,0.9481
355,13,0.9837
121,15,0.9632
86,16,0.5266
516,13,0.8016
93,16,0.1186
43,22,0.5337
130,16,0.1059
375,12,0.9917
196,0,0.9452
594,11,0.8744
319,14,0.9373
279,15,0.8813
351,0,0.6009
39,22,0.9921
273,17,0.9955
533,11,0.7931
156,19,0.9843
582,18,0.2846
181,22,0.9903
472,4,0.8272
532,18,0.619
139,12,0.9953
44,11,0.6633
0,15,0.3359
115,5,0.5962
208,21,0.378
31,21,0.9979
283,1,0.7551
164,25,0.9992
130,7,0.9897
593,24,0.9989
552,7,0.9967
450,16,0.8052
59,15,0.9966
186,8,0.9884
594,5,0.8587
232,2,0.9649
496,25,0.9836
462,22,0.9952
577,13,0.9875
456,17,0.1038
334,17,0.0765
134,24,0.9979
88,2,0.3981
357,0,0.9819
124,13,0.942
393,9,0.9992
299,6,0.9648
62,19,0.984
239,21,0.9963
120,25,0.9994
230,6,0.9783
450,11,0.5579
331,16,0.1537
139,11,0.802
320,6,0.959
198,11,0.9247
145,15,0.9986
455,23,0.992
81,16,0.8542
113,6,0.9746
29,24,0.9984
231,3,0.9891
100,11,0.6674
226,22,0.8591
426,17,0.9991
228,20,0.9378
345,8,0.9926
207,20,0.9838
197,25,0.5502
313,12,0.5213
218,13,0.9857
573,12,0.9989
563,25,0.9931
61,8,0.8071
217,5,0.25
407,5,0.2795
594,4,0.9826
299,15,0.9906
23,2,0.9911
139,14,0.9621
277,5,0.3755
236,6,0.9904
82,8,0.1642
528,18,0.2411
384,6,0.3391
188,8,0.9563
37,9,0.9953
293,3,0.9888
71,11,0.7396
431,3,0.9883
425,0,0.9985
510,2,0.9967
520,4,0.9964
617,7,0.9799
533,14,0.1702
452,15,0.5012
547,21,0.9969
510,7,0.9962
326,5,0.4268
412,2,0.9315
208,24,0.0718
195,25,0.7135
504,12,0.9986
592,11,0.8796
539,18,0.6483
470,10,0.5523
261,10,0.9956
339,17,0.999
183,22,0.9967
57,24,0.9988
381,18,0.9862
11,5,0.806
82,2,0.907
165,6,0.6896
356,12,0.9955
10,13,0.9953
335,15,0.8995
125,14,0.9866
561,2,0.9887
592,7,0.9763
468,3,0.9426
48,11,0.8305
172,6,0.968
456,18,0.2093
176,1,0.9653
326,3,0.9819
310,17,0.9899
169,11,0.7526
339,0,0.9962
262,3,0.9895
336,12,0.0541
563,0,0.9851
15,11,0.9032
253,8,0.9955
597,5,0.9874
523,3,0.9876
616,3,0.9152
393,20,0.9535
119,20,0.9793
242,14,0.7987
322,13,0.9374
394,2,0.998
175,25,0.1326
368,14,0.7565
458,18,0.3175
332,3,0.5862
185,8,0.5887
307,5,0.9659
109,4,0.9961
199,19,0.9702
232,24,0.2951
105,7,0.9851
182,18,0.9981
334,7,0.9953
409,0,0.498
485,23,0.9704
402,23,0.9388
595,12,0.9994
99,15,0.9989
328,20,0.963
444,8,0.8362
442,16,0.9201
453,24,0.7209
65,21,0.9991
287,25,0.989
213,15,0.9865
198,10,0.6589
506,5,0.9808
177,0,0.1783
451,19,0.1223
580,1,0.9958
572,14,0.9816
538,7,0.9968
411,0,0.8906
87,10,0.9967
156,5,0.9926
283,10,0.2352
600,17,0.9983
285,23,0.8832
617,1,0.2395
618,12,0.0912
468,20,0.457
322,8,0.7647
381,24,0.9569
96,12,0.1002
431,10,0.9993
606,12,0.9092
125,15,0.3413
280,0,0.7988
234,12,0.5074
470,20,0.9866
127,15,0.998
616,16,0.1237
255,19,0.9755
155,14,0.978
533,15,0.9264
368,2,0.9959
341,24,0.6713
358,1,0.9574
127,8,0.9783
194,5,0.9771
417,2,0.9955
596,19,0.9533
606,23,0.9894
169,24,0.9839
606,14,0.9923
200,4,0.9968
297,19,0.9715
510,9,0.9992
496,11,0.6266
102,19,0.7972
531,6,0.1599
167,17,0.9972
346,10,0.9994
189,21,0.9994
460,2,0.998
408,15,0.366
113,5,0.8967
473,20,0.9926
105,11,0.8066
475,2,0.9931
168,8,0.2358
264,18,0.6722
19,17,0.1189
355,23,0.9987
535,4,0.8657
209,1,0.936
517,9,0.9919
63,14,0.9681
232,9,0.7268
4,4,0.99
160,12,0.9989
369,24,0.9983
269,3,0.9742
109,11,0.9268
321,6,0.9436
440,20,0.6505
387,7,0.9972
182,11,0.8288
374,3,0.9931
591,1,0.9989
173,2,0.9704
257,17,0.9992
223,21,0.9806
501,4,0.8987
202,21,0.7149
432,21,0.9967
89,1,0.5053
405,22,0.9955
346,5,0.6759
68,18,0.9992
94,18,0.2173
157,12,0.9916
129,8,0.9097
506,15,0.9983
153,22,0.8553
9,24,0.9992
511,0,0.9976
141,9,0.9993
215,2,0.9961
201,24,0.3091
56,9,0.9995
429,25,0.999
262,13,0.9051
389,5,0.9951
216,20,0.8353
365,9,0.9867
452,9,0.9983
107,17,0.9723
576,20,0.9617
8,14,0.9874
531,2,0.9867
209,12,0.1349
199,18,0.9989
422,25,0.9989
38,12,0.9789
333,24,0.7183
200,10,0.9991
99,21,0.9987
580,17,0.9909
552,21,0.3702
346,0,0.9826
13,20,0.173
179,5,0.9897
285,22,0.545
350,9,0.9992
494,8,0.6281
460,20,0.9643
138,5,0.9941
178,9,0.9993
33,16,0.9925
476,2,0.9906
406,10,0.9989
486,22,0.227
515,15,0.8699
491,3,0.9178
1,24,0.4829
214,13,0.99
508,19,0.9483
15,16,0.9732
344,6,0.9635
615,19,0.9928
561,24,0.5139
280,11,0.9438
96,7,0.9845
494,21,0.5785
180,21,0.9994
612,8,0.939
205,21,0.9994
112,8,0.7006
481,5,0.9419
204,5,0.8379
340,13,0.9853
424,12,0.9567
253,12,0.9982
379,0,0.5666
427,5,0.991
453,7,0.9689
347,19,0.946
572,15,0.696
603,21,0.9984
569,4,0.99
73,21,0.9993
486,20,0.6814
32,2,0.9903
542,0,0.9808
538,25,0.9985
587,14,0.974
47,0,0.3241
227,7,0.9764
55,15,0.9983
598,23,0.9989
413,3,0.9227
516,12,0.999
589,10,0.4527
334,9,0.4962
138,4,0.9964
563,13,0.8309
318,1,0.9875
191,22,0.9705
608,11,0.7133
387,1,0.9988
291,18,0.7396
301,9,0.9908
16,5,0.5344
492,2,0.6172
29,21,0.9992
96,19,0.0701
501,18,0.9912
238,11,0.5911
372,9,0.9886
135,2,0.3789
288,1,0.9829
417,8,0.2918
416,6,0.934
71,7,0.7753
185,16,0.9933
327,5,0.0966
517,19,0.9723
189,14,0.9941
375,8,0.2658
297,23,0.9993
387,6,0.9793
549,15,0.9975
275,9,0.9242
498,13,0.5437
153,7,0.9769
508,11,0.7117
244,8,0.1366
524,15,0.9697
284,2,0.3276
312,21,0.2369
238,13,0.1715
478,20,0.5563
106,17,0.9995
436,13,0.3307
291,25,0.1947
386,2,0.4008
19,24,0.4558
372,20,0.6412
596,9,0.999
164,3,0.9883
414,23,0.9075
398,8,0.9956
533,7,0.9889
306,7,0.9732
179,16,0.996
593,4,0.9941
54,22,0.9967
46,18,0.3213
495,7,0.9966
567,2,0.9768
215,24,0.999
111,15,0.9976
91,10,0.1148
183,21,0.9994
294,11,0.8808
10,20,0.981
34,7,0.976
261,11,0.8672
496,17,0.7189
556,15,0.903
462,3,0.9713
233,11,0.3447
244,9,0.9015
318,21,0.9977
205,14,0.258
293,0,0.9981
353,21,0.9816
467,1,0.998
433,12,0.9511
228,8,0.6457
11,24,0.3837
448,22,0.8595
399,24,0.9978
175,12,0.979
92,15,0.3093
23,11,0.7041
552,8,0.9393
401,22,0.7982
84,0,0.8632
313,25,0.9959
55,10,0.9994
134,21,0.9958
294,13,0.9937
165,8,0.9368
128,16,0.9227
513,20,0.4254
47,18,0.7411
16,16,0.159
198,21,0.7304
422,24,0.9976
300,3,0.9702
217,10,0.9942
320,16,0.5914
190,21,0.2729
216,21,0.9991
337,16,0.9946
605,11,0.8231
452,13,0.1036
126,11,0.7861
176,0,0.2822
427,12,0.9991
283,11,0.8922
526,11,0.8538
266,18,0.9656
600,21,0.9965
51,19,0.141
265,1,0.9677
566,0,0.9213
495,9,0.8926
311,13,0.8628
70,8,0.9532
389,3,0.9927
467,5,0.9952
68,12,0.8552
23,14,0.974
49,8,0.2412
20,14,0.3046
77,19,0.9218
85,2,0.3289
563,5,0.8668
606,17,0.9988
347,13,0.9962
70,5,0.4638
137,4,0.2194
11,15,0.991
149,0,0.9841
434,9,0.9993
296,2,0.9987
315,17,0.9994
263,12,0.9777
224,12,0.9931
393,14,0.9419
78,11,0.8264
1,22,0.9888
292,15,0.6082
59,10,0.9819
470,16,0.8943
521,5,0.529
281,15,0.9827
609,15,0.9978
117,16,0.5633
298,17,0.999
569,2,0.9287
118,5,0.9951
353,14,0.9862
290,13,0.8742
420,23,0.4607
284,1,0.4614
174,5,0.9805
434,10,0.762
597,14,0.3743
362,13,0.9961
245,16,0.2184
41,6,0.9663
471,1,0.9989
397,3,0.9923
518,0,0.9905
434,0,0.7848
165,10,0.9985
360,9,0.9963
595,24,0.9986
62,10,0.9987
431,0,0.997
424,20,0.9482
305,14,0.9675
491,11,0.9306
119,5,0.9778
241,23,0.5175
130,9,0.9884
463,22,0.991
474,19,0.6305
330,5,0.3349
458,7,0.6791
601,22,0.9917
275,21,0.103
110,5,0.9969
4,20,0.9495
283,16,0.2493
593,23,0.9981
209,13,0.1531
142,22,0.9874
291,5,0.3582
573,16,0.8796
580,14,0.9451
294,23,0.9992
70,6,0.9671
470,8,0.6429
399,20,0.9346
290,21,0.0804
254,18,0.9986
544,1,0.9989
601,3,0.9717
70,18,0.9881
580,9,0.9984
271,24,0.9974
247,7,0.6616
359,3,0.9717
313,1,0.9014
585,20,0.4777
46,19,0.3979
26,11,0.7056
553,19,0.9774
329,6,0.2506
126,3,0.978
500,24,0.1133
81,13,0.9906
142,10,0.9989
267,3,0.9472
518,5,0.9438
476,18,0.9892
16,9,0.8882
582,6,0.9647
451,10,0.999
245,18,0.9023
562,8,0.9986
84,13,0.2728
200,19,0.2019
590,22,0.9878
281,12,0.9944
421,2,0.178
486,18,0.9942
244,13,0.1395
44,15,0.7156
48,19,0.2958
573,5,0.9688
386,11,0.8556
436,18,0.998
101,16,0.4426
462,19,0.8356
292,9,0.868
371,8,0.7717
328,14,0.1528
409,3,0.989
443,20,0.9811
81,7,0.9972
378,15,0.7091
536,21,0.355
311,1,0.9928
267,9,0.9994
25,5,0.5328
399,8,0.8738
249,5,0.9957
237,2,0.9643
325,23,0.9309
272,8,0.9897
305,23,0.9993
152,9,0.9993
503,21,0.9977
506,19,0.9436
390,6,0.9709
38,23,0.9882
72,2,0.982
366,9,0.9992
595,16,0.9902
548,5,0.964
468,11,0.3885
347,25,0.9989
250,2,0.9898
474,10,0.9982
233,5,0.9818
461,12,0.9988
590,19,0.9912
244,21,0.2758
34,24,0.9921
450,9,0.999
236,21,0.9988
385,8,0.179
197,14,0.6256
357,13,0.8112
605,14,0.5885
168,0,0.8487
76,16,0.9105
392,1,0.9989
301,6,0.2812
542,13,0.964
180,18,0.9619
259,9,0.9653
616,9,0.6416
64,2,0.9966
296,6,0.9751
360,6,0.6821
61,14,0.9806
195,18,0.9787
325,11,0.8311
260,5,0.8021
445,13,0.9378
455,22,0.9904
562,16,0.9934
314,6,0.6228
133,11,0.5462
125,12,0.4689
97,19,0.9745
321,23,0.9992
405,21,0.998
565,23,0.9796
4,23,0.9856
310,16,0.9962
411,12,0.9991
15,24,0.9957
132,2,0.7381
442,1,0.9949
160,2,0.9846
487,0,0.7111
443,4,0.9258
570,10,0.9992
584,12,0.9954
270,3,0.9918
29,23,0.9991
554,11,0.7518
436,12,0.999
207,4,0.8896
192,23,0.9968
375,7,0.2441
161,12,0.9994
459,1,0.9813
96,14,0.9545
263,8,0.9934
235,11,0.3298
286,0,0.21
268,12,0.9986
245,19,0.0709
86,6,0.9643
105,22,0.9902
111,19,0.932
488,24,0.9977
265,3,0.9114
446,14,0.1845
476,21,0.9984
37,17,0.9979
173,8,0.6212
453,4,0.9953
609,19,0.9541
477,3,0.8575
426,12,0.9824
145,10,0.9769
382,4,0.971
608,10,0.9992
594,1,0.9988
489,19,0.8358
282,20,0.5289
568,11,0.7846
168,7,0.9699
234,6,0.8214
557,15,0.8051
115,7,0.9741
144,10,0.9901
289,14,0.1828
345,19,0.9525
134,7,0.6963
304,13,0.8169
314,10,0.9981
482,2,0.9948
475,6,0.9517
60,7,0.9972
268,23,0.9738
466,3,0.9912
132,9,0.4252
487,6,0.3605
524,21,0.9775
566,18,0.9983
344,12,0.9991
341,25,0.9989
491,0,0.9883
391,6,0.9831
515,8,0.8192
39,13,0.9949
35,24,0.9985
39,11,0.8208
37,10,0.998
349,18,0.9864
391,22,0.982
113,20,0.5031
614,18,0.0842
114,18,0.8209
110,15,0.9885
232,13,0.4946
444,12,0.1802
566,14,0.9649
403,1,0.9975
411,6,0.9727
269,10,0.9983
357,20,0.9604
306,24,0.9831
477,23,0.9744
459,2,0.261
15,25,0.9991
315,21,0.9979
217,1,0.9972
154,9,0.9236
444,17,0.999
254,21,0.9976
80,10,0.9113
416,18,0.3409
154,8,0.9976
371,11,0.5944
78,4,0.6176
535,11,0.6972
305,24,0.998
74,5,0.9367
2,22,0.9953
217,8,0.9898
167,15,0.9923
298,12,0.9983
231,1,0.9952
208,13,0.318
113,11,0.7822
123,24,0.9825
4,10,0.9994
439,23,0.9957
576,24,0.9904
512,20,0.7862
108,17,0.9975
576,15,0.8227
429,17,0.9979
141,22,0.988
1,11,0.3712
36,4,0.9958
461,19,0.9325
440,11,0.8932
142,24,0.9912
139,4,0.996
139,1,0.9979
512,8,0.9922
161,5,0.9966
16,18,0.9177
276,1,0.99
494,22,0.8429
233,14,0.3148
32,3,0.9923
418,4,0.9654
502,10,0.059
378,19,0.116
581,14,0.9695
295,18,0.9949
159,13,0.9806
255,24,0.9838
548,8,0.9699
110,17,0.9993
514,17,0.9992
145,1,0.9953
103,7,0.5941
455,5,0.9319
273,9,0.9941
440,10,0.9975
203,11,0.6235
242,11,0.7286
224,3,0.99
4,7,0.7698
368,10,0.9994
546,25,0.9963
535,13,0.1851
616,11,0.4047
509,10,0.9993
289,15,0.5551
48,25,0.9965
68,13,0.9595
359,18,0.996
366,5,0.9754
73,17,0.9993
125,17,0.9773
332,8,0.3913
278,22,0.9955
310,7,0.1866
108,2,0.8694
263,22,0.9772
412,7,0.9973
255,2,0.9963
122,14,0.9889
400,22,0.9952
177,22,0.3205
271,22,0.9882
107,24,0.9359
217,23,0.9984
132,6,0.9634
381,8,0.1692
348,22,0.9888
126,17,0.9984
547,12,0.9834
96,17,0.0844
424,5,0.9936
604,14,0.9893
109,13,0.9753
473,15,0.6462
273,14,0.9816
35,16,0.9852
112,12,0.9931
563,10,0.994
19,12,0.6777
31,6,0.9725
406,4,0.9952
5,3,0.9791
223,23,0.9989
228,4,0.3724
375,3,0.707
17,11,0.9616
379,23,0.878
601,16,0.8457
46,0,0.8399
400,25,0.9995
427,20,0.9796
563,20,0.7312
373,0,0.9501
341,11,0.8579
30,14,0.9884
283,6,0.5308
137,11,0.8089
483,5,0.1379
598,17,0.9992
184,12,0.9983
267,18,0.9924
581,18,0.896
454,17,0.1893
303,25,0.8973
329,24,0.6397
155,2,0.9963
265,9,0.9987
531,3,0.8875
38,6,0.9754
185,11,0.7585
411,18,0.2989
44,16,0.9719
91,24,0.994
362,17,0.9872
405,13,0.8869
318,19,0.1098
199,9,0.999
200,0,0.8301
228,3,0.8993
136,7,0.2967
134,12,0.9447
149,22,0.9976
468,0,0.9513
27,0,0.998
34,14,0.9683
86,23,0.5514
187,5,0.9963
262,24,0.9662
460,16,0.993
254,10,0.9993
163,23,0.999
159,16,0.9929
230,3,0.8994
537,7,0.9905
64,7,0.3608
61,19,0.5002
135,24,0.4646
81,22,0.9874
386,20,0.267
132,16,0.9062
616,25,0.1747
266,6,0.9816
500,22,0.385
277,6,0.2258
146,6,0.9758
160,16,0.882
439,0,0.9913
410,3,0.9806
153,4,0.9783
456,19,0.0662
306,1,0.9988
42,4,0.9131
259,0,0.9938
147,16,0.996
456,7,0.9833
488,17,0.9988
180,2,0.9684
211,8,0.9984
296,13,0.9963
86,15,0.6915
538,9,0.9991
309,17,0.71
442,6,0.8422
223,22,0.9711
131,1,0.9767
310,15,0.9715
162,4,0.9965
173,15,0.8281
302,14,0.8891
552,5,0.9616
271,12,0.9991
497,22,0.5378
308,1,0.9976
464,19,0.1665
105,15,0.9925
426,6,0.9753
91,9,0.4312
207,12,0.996
242,18,0.1454
22,25,0.9973
417,24,0.2219
99,6,0.9667
400,20,0.983
188,5,0.3046
244,22,0.7481
63,22,0.5138
30,21,0.9983
17,19,0.1157
96,9,0.1105
69,13,0.9979
528,5,0.2322
26,25,0.9989
355,2,0.9984
135,9,0.5901
462,18,0.9935
70,14,0.9601
502,1,0.6701
371,23,0.9954
71,19,0.8777
339,21,0.9936
409,6,0.9835
70,4,0.6693
242,13,0.6192
242,3,0.7862
380,4,0.994
334,5,0.3969
381,3,0.9692
409,23,0.955
165,5,0.9826
274,12,0.9973
358,14,0.9901
398,22,0.9898
193,5,0.1222
289,17,0.0534
171,17,0.9418
572,10,0.9859
566,9,0.9968
177,24,0.4924
251,2,0.9982
273,0,0.9895
614,23,0.0644
530,7,0.2539
185,7,0.9878
18,22,0.9187
340,14,0.9946
251,14,0.9923
424,21,0.9924
158,14,0.7207
367,6,0.972
152,3,0.4686
474,20,0.9522
257,0,0.979
613,14,0.9931
85,19,0.0909
155,16,0.9753
175,1,0.8764
204,4,0.968
320,14,0.9759
543,10,0.9991
411,8,0.8581
487,3,0.9197
72,25,0.9526
556,17,0.9966
402,10,0.9994
584,20,0.9533
522,5,0.8636
129,17,0.9417
317,9,0.9984
614,17,0.0494
495,15,0.4363
352,7,0.2936
547,3,0.9893
14,7,0.9966
65,16,0.9962
240,11,0.7353
469,20,0.991
5,23,0.987
350,5,0.9604
401,6,0.9501
359,11,0.574
574,18,0.9817
274,8,0.9928
509,12,0.9992
43,23,0.9034
552,17,0.986
217,15,0.9963
420,18,0.1716
555,4,0.9961
250,4,0.9851
220,7,0.881
452,22,0.9899
62,6,0.6834
370,10,0.8895
30,11,0.767
157,22,0.4694
204,24,0.5822
93,22,0.6649
257,11,0.486
230,19,0.1293
499,11,0.7726
274,5,0.3215
343,7,0.9973
7,6,0.9524
243,10,0.8828
43,25,0.9985
381,15,0.5945
496,7,0.532
250,13,0.9976
322,25,0.9919
188,0,0.9923
186,1,0.9975
292,2,0.0985
115,18,0.9771
608,0,0.9943
462,13,0.996
329,4,0.9378
15,20,0.9776
324,15,0.9776
359,6,0.9536
181,23,0.9987
288,3,0.9277
226,20,0.54
432,19,0.8744
218,0,0.9876
238,21,0.6096
360,0,0.523
333,14,0.3423
538,10,0.2117
540,15,0.9984
327,0,0.1991
31,18,0.999
232,21,0.9172
429,8,0.9877
16,21,0.2496
19,25,0.0724
309,23,0.9964
325,25,0.7879
138,6,0.9857
352,8,0.9668
50,23,0.2378
27,24,0.9986
293,4,0.9978
197,3,0.992
493,22,0.9549
380,19,0.9256
390,13,0.9916
132,4,0.9261
176,24,0.6846
376,18,0.999
603,5,0.8947
467,12,0.9981
472,23,0.9773
530,2,0.9651
356,9,0.9987
141,20,0.9653
494,19,0.1555
375,16,0.904
338,5,0.992
299,16,0.9672
346,20,0.9893
560,13,0.9731
62,7,0.9964
419,16,0.2204
372,15,0.9061
528,24,0.9914
594,17,0.9991
478,4,0.8757
382,18,0.375
321,20,0.9201
603,24,0.9928
319,16,0.511
276,13,0.2038
407,10,0.5451
334,12,0.8818
394,23,0.9993
273,10,0.8421
297,7,0.9932
41,0,0.9953
352,9,0.9992
328,9,0.9933
488,6,0.9679
612,22,0.9913
255,16,0.963
118,11,0.9022
279,20,0.9655
531,24,0.9955
322,16,0.1211
215,9,0.9994
541,9,0.9993
430,18,0.998
93,9,0.9914
34,9,0.9993
515,22,0.9968
150,4,0.9971
528,11,0.8997
44,23,0.9708
188,23,0.9982
234,10,0.9989
214,25,0.9994
389,17,0.9992
163,12,0.9993
372,10,0.9002
288,5,0.0953
227,5,0.9929
311,10,0.9966
166,15,0.977
518,20,0.987
558,24,0.9985
16,2,0.7443
324,14,0.9547
526,25,0.9861
106,15,0.9847
587,4,0.9948
409,15,0.9243
128,8,0.7052
273,7,0.9949
146,8,0.9915
203,25,0.9832
582,3,0.9813
122,15,0.9914
78,18,0.0744
390,18,0.9979
618,9,0.476
276,19,0.1855
112,9,0.9976
205,6,0.9391
232,6,0.27
7,25,0.9982
180,7,0.9837
559,17,0.9995
140,9,0.9995
518,12,0.999
427,25,0.9616
289,6,0.2899
57,11,0.6567
546,24,0.9263
5,17,0.5477
332,15,0.7723
407,6,0.7568
577,23,0.9987
370,3,0.991
411,16,0.9861
347,23,0.9989
385,0,0.2049
53,15,0.7999
332,13,0.9066
438,23,0.9935
191,16,0.7847
311,0,0.8825
23,21,0.9994
347,17,0.9986
349,25,0.999
58,20,0.9871
297,3,0.9851
609,5,0.9854
506,20,0.9841
31,23,0.998
12,24,0.9977
43,17,0.9854
267,12,0.999
117,9,0.999
434,1,0.9969
86,8,0.2767
212,18,0.9985
282,6,0.7373
168,11,0.8835
263,9,0.9987
611,13,0.7839
122,17,0.9992
413,21,0.999
170,21,0.3979
281,22,0.9423
393,18,0.995
114,7,0.9918
461,9,0.9987
524,24,0.9853
66,20,0.9698
353,0,0.997
205,20,0.923
485,16,0.1368
66,21,0.9991
368,17,0.9986
561,23,0.9983
51,24,0.9936
461,4,0.9861
581,6,0.8716
264,6,0.4904
96,16,0.5264
480,9,0.9295
14,0,0.7678
218,10,0.9989
224,11,0.9535
65,10,0.9967
533,0,0.9851
24,10,0.423
244,14,0.1498
324,25,0.9983
568,22,0.9916
534,9,0.9206
452,4,0.8637
241,2,0.9969
112,25,0.9982
229,11,0.8649
64,3,0.7884
539,14,0.9923
196,19,0.3062
458,17,0.9933
324,18,0.7048
7,15,0.9872
247,24,0.1078
551,20,0.9812
548,3,0.9888
568,0,0.8931
508,8,0.9952
404,13,0.945
31,0,0.9947
25,4,0.9699
121,0,0.9791
595,15,0.9871
373,2,0.9403
364,10,0.9986
547,13,0.9938
92,22,0.6083
201,4,0.9966
479,6,0.2511
256,5,0.9944
433,8,0.9956
296,7,0.9958
379,5,0.8994
113,1,0.9985
472,15,0.6983
492,4,0.9733
446,7,0.7989
79,0,0.9916
217,25,0.9984
549,4,0.9974
410,0,0.9287
182,19,0.9518
19,15,0.1637
292,12,0.1726
465,1,0.9987
30,12,0.9981
208,11,0.8258
569,17,0.9886
126,5,0.9575
213,7,0.9983
354,11,0.543
370,16,0.8697
614,15,0.3807
560,8,0.9362
498,4,0.8351
238,4,0.997
396,13,0.9689
47,24,0.5071
275,4,0.7368
347,16,0.9919
145,6,0.5356
290,16,0.1286
312,6,0.9289
557,13,0.8304
280,13,0.8759
165,15,0.989
119,4,0.9942
249,19,0.755
13,3,0.9882
423,25,0.9994
385,4,0.9265
539,15,0.9985
599,22,0.986
50,16,0.9332
423,13,0.9881
456,25,0.4888
271,7,0.3203
607,13,0.8407
209,11,0.662
42,17,0.9985
343,9,0.9994
528,2,0.9172
512,19,0.9151
293,19,0.7079
499,13,0.3968
33,23,0.9988
90,6,0.2081
494,3,0.9909
381,0,0.4919
473,0,0.2816
322,21,0.086
41,24,0.9789
414,21,0.1037
62,21,0.9994
353,12,0.9974
88,18,0.9699
287,8,0.1248
32,8,0.9519
606,18,0.9985
594,23,0.9992
424,2,0.9603
455,0,0.4223
264,10,0.2314
238,3,0.9925
594,18,0.9318
456,6,0.9132
142,17,0.9969
418,10,0.18
212,3,0.9828
526,8,0.9852
414,5,0.708
8,8,0.9669
477,25,0.9898
64,25,0.9993
5,18,0.3625
565,25,0.9987
118,9,0.9993
388,11,0.9768
264,16,0.1425
340,20,0.9916
320,15,0.4963
277,23,0.9134
430,4,0.9867
269,7,0.9801
598,14,0.8166
498,11,0.8641
177,3,0.9928
387,17,0.9994
223,24,0.9387
173,0,0.9964
171,7,0.997
35,19,0.9848
50,0,0.2848
470,15,0.9863
477,22,0.8425
507,21,0.9962
85,0,0.3926
17,24,0.2652
399,0,0.9981
575,16,0.9889
130,1,0.9949
261,6,0.8054
94,13,0.1115
330,21,0.9988
173,23,0.5677
546,18,0.9989
486,19,0.0798
87,3,0.9212
481,4,0.9935
412,13,0.8389
348,21,0.9993
157,16,0.9901
587,5,0.9641
420,1,0.9509
381,19,0.0901
196,15,0.9659
478,25,0.9989
61,17,0.9979
520,1,0.9981
189,25,0.9992
312,4,0.9931
105,6,0.9773
433,4,0.9869
34,25,0.998
309,25,0.9424
178,15,0.9978
167,20,0.9647
16,13,0.9523
382,14,0.8659
557,2,0.9955
432,5,0.9942
182,23,0.9991
450,2,0.988
501,2,0.2973
223,7,0.994
168,3,0.9686
277,18,0.9912
46,21,0.9976
227,3,0.972
324,2,0.9915
424,4,0.986
429,11,0.7379
402,16,0.9592
472,25,0.9982
7,14,0.9746
315,20,0.7186
313,17,0.9945
486,12,0.8083
11,8,0.7737
383,4,0.9156
276,8,0.3576
272,23,0.9988
304,16,0.9963
564,17,0.9986
606,1,0.9931
6,10,0.9979
132,3,0.9738
195,19,0.2847
87,11,0.7033
435,6,0.9584
258,15,0.9847
363,13,0.9083
519,16,0.8501
555,6,0.9577
12,3,0.993
445,15,0.7522
531,8,0.6323
328,25,0.9794
186,25,0.9571
195,5,0.6362
343,6,0.967
186,7,0.9973
0,0,0.1217
396,6,0.9857
330,6,0.2433
3,5,0.3838
292,23,0.117
50,2,0.4034
342,2,0.9977
572,9,0.998
208,25,0.3005
601,18,0.9969
410,19,0.2477
102,10,0.9994
234,20,0.7153
391,14,0.9919
178,12,0.9991
344,15,0.998
313,21,0.9942
360,21,0.9979
181,14,0.9691
158,2,0.9961
426,21,0.9845
254,20,0.9546
601,10,0.9988
589,17,0.3399
220,5,0.9962
131,7,0.9944
126,22,0.9834
105,3,0.9776
400,23,0.9987
325,8,0.2952
59,5,0.9928
41,9,0.9994
88,15,0.6705
140,24,0.9991
450,18,0.6466
218,23,0.9994
24,25,0.9985
583,12,0.9933
574,25,0.9866
451,3,0.9901
324,23,0.9933
222,4,0.9119
326,0,0.2848
545,15,0.9781
14,12,0.991
444,3,0.9914
216,18,0.9983
0,20,0.107
155,18,0.9964
397,17,0.9993
5,1,0.9981
519,12,0.9983
583,15,0.8073
116,18,0.9393
332,19,0.1371
379,8,0.2887
173,25,0.9834
574,13,0.9799
391,17,0.9985
383,21,0.9988
167,6,0.981
402,22,0.7514
513,5,0.9889
507,22,0.7142
494,5,0.9415
557,5,0.9516
253,22,0.995
476,5,0.4802
338,15,0.9988
349,23,0.9988
278,24,0.9964
326,23,0.1799
584,5,0.1566
575,8,0.7924
8,0,0.9971
234,23,0.9222
156,14,0.95
45,21,0.9976
210,1,0.9145
560,10,0.9992
147,19,0.9322
441,3,0.9901
418,20,0.5823
450,0,0.2714
33,15,0.9971
320,3,0.9773
480,6,0.5713
23,25,0.9991
73,22,0.9927
388,16,0.9903
172,20,0.3367
615,6,0.9568
289,22,0.2313
267,8,0.9968
587,24,0.2463
139,23,0.9987
475,20,0.9846
563,18,0.9866
181,0,0.9915
92,13,0.1277
83,2,0.9124
272,10,0.9928
381,12,0.9948
406,15,0.2282
196,6,0.952
515,7,0.9927
406,16,0.9679
43,19,0.8054
22,16,0.9903
410,7,0.9888
317,6,0.96
175,6,0.2364
497,21,0.1178
98,8,0.998
254,0,0.9958
393,3,0.9768
362,9,0.9987
288,4,0.3701
143,6,0.6486
456,12,0.986
220,13,0.9977
256,22,0.9856
208,23,0.1856
493,25,0.6896
17,13,0.2502
515,6,0.538
290,6,0.6239
360,2,0.984
195,6,0.3007
309,9,0.8105
565,2,0.9938
559,18,0.9984
533,10,0.9814
572,25,0.9746
532,8,0.5472
4,24,0.998
403,14,0.6671
323,22,0.9894
364,25,0.9981
425,6,0.9759
538,6,0.5859
494,2,0.8133
69,9,0.998
153,1,0.9989
19,6,0.282
309,24,0.3493
414,6,0.9686
394,0,0.9913
446,20,0.7073
350,4,0.8858
473,8,0.19
117,10,0.9722
519,7,0.9977
139,25,0.9992
393,16,0.6892
310,23,0.9923
583,4,0.9972
610,10,0.9994
466,14,0.9958
594,20,0.873
604,8,0.997
200,3,0.9096
313,8,0.9894
252,14,0.9955
425,23,0.9993
359,15,0.994
388,25,0.9991
250,6,0.9581
612,25,0.997
100,15,0.997
293,15,0.9948
310,19,0.3653
585,7,0.8897
195,2,0.9907
532,11,0.4849
456,4,0.9678
351,13,0.9814
528,7,0.2914
336,14,0.7463
611,5,0.118
371,10,0.9993
204,16,0.2869
125,21,0.9558
598,20,0.9151
407,1,0.9762
44,12,0.9864
13,8,0.9645
275,0,0.9969
5,9,0.9966
65,11,0.5841
426,16,0.961
171,12,0.4523
3,24,0.9992
29,13,0.9949
119,6,0.2505
598,15,0.9973
340,22,0.9962
525,23,0.41
50,22,0.8371
277,15,0.5159
22,19,0.9861
308,25,0.9967
445,11,0.843
201,20,0.6873
519,22,0.9608
84,25,0.8804
403,19,0.9859
543,12,0.9985
406,25,0.9913
39,21,0.999
64,15,0.9918
141,11,0.5684
92,17,0.1027
182,16,0.9745
321,21,0.9978
156,10,0.9985
332,12,0.1927
434,6,0.6509
495,10,0.1708
150,17,0.999
78,8,0.7929
181,7,0.9968
317,3,0.9424
209,17,0.1004
54,3,0.9721
593,21,0.999
598,1,0.9985
554,16,0.9892
130,25,0.6564
527,7,0.9974
585,22,0.8694
22,20,0.6279
274,25,0.9992
608,23,0.9972
502,2,0.2512
100,3,0.9925
591,16,0.9936
457,0,0.1558
11,23,0.9976
312,9,0.998
11,12,0.3391
171,24,0.2617
477,6,0.3154
63,0,0.9958
1,18,0.9861
175,24,0.92
156,13,0.994
377,23,0.9519
135,22,0.8066
83,8,0.5508
163,3,0.9913
188,6,0.9652
28,20,0.9373
590,18,0.9967
216,2,0.9963
65,25,0.9987
609,9,0.9994
367,15,0.9592
502,5,0.5473
106,14,0.9601
61,0,0.7302
334,6,0.2717
463,23,0.9993
406,12,0.6876
479,16,0.9013
180,6,0.9517
453,8,0.2467
296,25,0.9994
122,7,0.7208
32,13,0.9962
14,1,0.9521
66,3,0.7294
254,11,0.601
543,14,0.9923
43,14,0.9869
329,12,0.1901
199,20,0.8844
284,11,0.5385
398,4,0.9404
292,5,0.1194
234,14,0.8367
357,3,0.9899
0,7,0.1245
397,5,0.9948
407,0,0.9319
609,24,0.9991
290,14,0.4976
109,5,0.9944
385,2,0.8855
216,17,0.9985
17,16,0.3677
170,0,0.93
347,20,0.938
236,16,0.5244
578,14,0.9938
95,15,0.5086
69,22,0.9156
241,24,0.5274
147,2,0.9985
614,3,0.7486
591,15,0.9987
64,1,0.998
458,16,0.1235
482,5,0.7016
571,16,0.7798
203,16,0.4025
185,12,0.999
411,17,0.998
546,17,0.9985
176,19,0.0742
181,1,0.9988
599,18,0.9991
128,1,0.9987
448,8,0.2107
211,17,0.999
349,3,0.9598
451,15,0.6585
590,0,0.9817
446,12,0.9984
186,19,0.9174
397,6,0.9609
253,2,0.9802
588,10,0.05
439,7,0.9984
197,9,0.9985
316,16,0.9842
343,1,0.9985
285,18,0.9974
89,5,0.3104
325,9,0.9985
538,13,0.9502
135,19,0.1203
372,7,0.9971
312,22,0.9639
321,25,0.9994
21,24,0.7414
70,16,0.508
22,4,0.9943
246,5,0.0966
615,21,0.999
122,12,0.9972
276,10,0.9952
0,13,0.4027
589,5,0.1373
586,0,0.5134
275,6,0.2671
257,19,0.956
531,14,0.9574
306,18,0.9975
503,3,0.9743
524,9,0.9967
68,8,0.9552
140,18,0.9818
136,18,0.1228
250,25,0.9995
574,19,0.8646
107,11,0.5042
602,16,0.9915
302,20,0.9836
156,24,0.9966
500,9,0.1214
395,17,0.999
539,4,0.9623
596,5,0.9933
19,13,0.2264
367,11,0.8504
88,25,0.4438
176,23,0.7913
374,1,0.5179
284,4,0.9868
1,13,0.9751
279,22,0.9862
506,2,0.9966
163,6,0.2272
79,21,0.2619
25,13,0.9707
192,1,0.9985
20,7,0.9978
10,5,0.9903
520,5,0.9834
258,20,0.953
404,24,0.9173
299,14,0.9653
158,18,0.9991
255,17,0.9952
539,5,0.9187
461,25,0.9978
485,8,0.824
315,6,0.5177
413,25,0.99
163,25,0.9851
482,10,0.9907
228,22,0.9905
424,11,0.736
249,15,0.9971
554,15,0.9882
379,24,0.8524
597,16,0.2721
243,17,0.4295
151,15,0.9691
115,23,0.9953
595,18,0.9982
606,2,0.9565
500,3,0.5103
174,13,0.9609
566,10,0.9988
248,13,0.1857
580,6,0.9696
196,14,0.9376
443,24,0.9989
417,17,0.3536
278,17,0.9994
260,18,0.9974
332,9,0.9639
543,17,0.9991
377,0,0.3437
199,17,0.9988
455,3,0.9929
396,9,0.9971
498,25,0.6846
505,2,0.9975
129,21,0.9978
81,24,0.9974
315,4,0.8558
278,14,0.9839
141,14,0.9862
123,12,0.9676
398,15,0.9966
118,14,0.9942
379,9,0.9758
108,23,0.9488
325,22,0.9807
266,24,0.5483
99,20,0.8577
206,11,0.9296
489,7,0.9977
541,22,0.9934
454,12,0.5524
341,1,0.9967
243,14,0.2248
515,11,0.6029
464,22,0.9968
144,20,0.9845
490,14,0.99
520,12,0.9985
26,17,0.9988
77,23,0.9957
442,10,0.3413
568,7,0.9872
495,1,0.8491
313,16,0.8675
228,6,0.6841
571,14,0.9734
590,16,0.9899
578,3,0.9904
344,3,0.9249
420,11,0.8574
341,2,0.9905
469,19,0.9838
140,4,0.9869
431,15,0.9989
356,21,0.9512
572,12,0.9987
530,18,0.1064
303,14,0.9913
414,16,0.0718
489,16,0.996
71,8,0.9899
92,10,0.9978
324,20,0.516
205,15,0.1912
351,1,0.9954
354,4,0.9967
388,0,0.9953
96,3,0.9772
317,25,0.9972
258,9,0.9993
246,22,0.3042
124,22,0.9959
315,0,0.9867
18,21,0.9993
610,3,0.9898
413,0,0.2075
191,9,0.994
351,9,0.9986
68,22,0.9562
407,14,0.953
204,21,0.9976
223,20,0.8025
605,0,0.9913
612,5,0.2919
437,19,0.385
117,7,0.9938
26,14,0.9879
385,18,0.1629
489,15,0.9975
21,19,0.6497
191,23,0.9559
309,0,0.9049
130,2,0.3277
239,23,0.9403
15,2,0.9977
574,15,0.9958
591,3,0.9867
30,15,0.9984
204,8,0.9679
247,21,0.1012
133,24,0.9992
193,12,0.9763
271,3,0.7656
12,5,0.9888
106,12,0.9992
461,10,0.9926
403,15,0.9979
247,25,0.0623
492,1,0.9593
8,20,0.9868
373,12,0.96
18,1,0.9977
248,0,0.2212
549,3,0.9919
74,16,0.9961
214,20,0.9712
77,1,0.9982
266,11,0.8851
421,7,0.2059
336,11,0.9305
102,23,0.999
253,10,0.9981
455,6,0.2293
558,19,0.4775
84,7,0.9963
278,2,0.9965
537,4,0.9557
25,21,0.997
70,0,0.882
372,12,0.9176
559,1,0.9983
225,11,0.6206
586,12,0.0908
276,20,0.9839
34,3,0.9718
259,18,0.9984
123,19,0.9872
133,4,0.9831
568,20,0.4554
286,19,0.1611
582,4,0.9729
134,19,0.2098
280,16,0.9426
232,3,0.9904
167,0,0.2785
2,8,0.9522
59,12,0.9972
343,11,0.7189
302,11,0.8642
369,7,0.9914
464,1,0.9983
406,8,0.1258
398,19,0.8025
292,7,0.8439
160,11,0.9567
166,23,0.9887
612,10,0.5882
587,6,0.2687
287,19,0.0685
617,25,0.8757
574,11,0.7119
401,8,0.4763
332,16,0.8101
383,6,0.962
58,11,0.5937
361,15,0.9858
112,14,0.7034
450,5,0.4456
268,14,0.8285
614,8,0.0807
457,12,0.0681
517,4,0.9966
139,17,0.9988
429,9,0.9988
217,0,0.9935
484,16,0.1423
503,0,0.9938
405,7,0.977
597,22,0.9815
64,19,0.6393
155,3,0.9708
590,7,0.9704
121,13,0.6587
366,13,0.119
601,14,0.8028
281,1,0.9383
421,10,0.7871
184,0,0.9629
28,15,0.9985
470,19,0.3763
34,22,0.9921
92,12,0.2502
24,13,0.9874
98,23,0.9993
482,18,0.9965
285,12,0.1173
560,14,0.8551
523,14,0.9863
592,0,0.9964
439,6,0.9634
66,24,0.9989
612,12,0.9964
436,25,0.9787
323,15,0.6498
249,12,0.9984
456,9,0.9897
538,0,0.9791
392,9,0.9991
563,17,0.9454
614,13,0.1901
351,25,0.9991
54,7,0.9766
142,7,0.9978
543,6,0.7123
227,15,0.9871
388,7,0.9964
418,18,0.0772
313,23,0.9975
191,6,0.9828
124,21,0.9898
524,4,0.9967
386,5,0.1117
453,3,0.9681
536,6,0.9698
244,18,0.9574
611,4,0.9539
602,7,0.9924
421,9,0.0747
167,24,0.7563
182,22,0.9916
382,7,0.9853
344,11,0.559
297,13,0.9963
352,1,0.9977
345,21,0.9992
237,15,0.9905
127,14,0.4334
161,10,0.999
168,13,0.3871
61,22,0.9172
433,18,0.996
549,23,0.9982
156,7,0.9956
465,0,0.9953
229,25,0.9886
57,19,0.9856
284,5,0.7674
238,10,0.9907
113,0,0.998
600,19,0.979
408,1,0.9973
255,21,0.9965
35,0,0.9976
191,24,0.9985
337,15,0.9985
605,23,0.9946
55,4,0.9973
466,9,0.9994
243,21,0.9955
162,3,0.9877
65,17,0.998
366,19,0.084
249,1,0.9987
358,17,0.9992
15,0,0.9981
537,16,0.0975
282,10,0.9232
489,11,0.4928
131,10,0.9985
576,25,0.9981
20,15,0.9678
148,23,0.9991
352,19,0.9016
539,22,0.9954
192,13,0.9928
271,16,0.7558
301,21,0.9682
241,13,0.3129
38,8,0.961
565,20,0.9455
229,22,0.9216
371,20,0.9816
184,13,0.9788
407,24,0.996
97,25,0.9992
116,22,0.9951
253,19,0.8645
285,16,0.5052
461,7,0.9861
2,4,0.9967
342,22,0.9959
288,15,0.176
148,18,0.9551
613,2,0.9551
228,9,0.9991
296,14,0.9952
21,22,0.8788
595,3,0.9783
454,6,0.9385
370,6,0.7422
519,24,0.9971
603,7,0.9957
236,14,0.9683
462,25,0.9991
511,21,0.9979
45,19,0.1217
190,16,0.9946
312,20,0.7212
44,17,0.9991
44,10,0.9983
519,23,0.9369
43,4,0.9962
470,25,0.9985
402,13,0.8866
233,24,0.7341
83,0,0.9345
128,7,0.995
408,0,0.4229
357,25,0.9991
451,4,0.9122
152,20,0.8266
194,10,0.9847
497,20,0.5121
383,1,0.9945
604,21,0.9497
148,19,0.9885
281,6,0.3368
137,21,0.2714
497,15,0.8654
573,19,0.1915
572,16,0.9237
322,4,0.9962
126,19,0.1652
358,3,0.9881
482,15,0.918
535,0,0.9721
493,23,0.9961
244,2,0.5536
187,22,0.9946
28,21,0.9992
155,15,0.9588
587,3,0.9884
95,3,0.8989
60,4,0.9952
593,11,0.9355
300,18,0.9901
316,7,0.6607
245,2,0.9833
574,22,0.9972
319,22,0.8107
495,17,0.7128
203,8,0.1686
527,8,0.3903
93,23,0.1766
611,22,0.885
466,15,0.9971
617,13,0.4752
520,24,0.9936
174,21,0.3376
1,3,0.9701
7,4,0.9918
383,18,0.0764
247,0,0.1342
561,7,0.7918
496,15,0.9959
67,7,0.9944
415,23,0.9989
425,19,0.9836
308,15,0.991
83,4,0.906
460,15,0.9968
472,19,0.1537
494,23,0.9175
555,12,0.999
342,21,0.9993
310,3,0.6373
133,18,0.1712
30,13,0.9953
13,12,0.2132
245,23,0.7928
192,17,0.2274
238,12,0.9775
449,17,0.8088
253,1,0.9939
413,22,0.9907
370,2,0.9792
379,15,0.6759
86,4,0.9933
88,8,0.1351
135,0,0.242
466,19,0.8702
162,13,0.5189
413,6,0.3398
530,6,0.9574
355,6,0.9879
424,1,0.9983
338,14,0.9955
57,22,0.9966
605,9,0.9991
466,1,0.9985
197,19,0.9905
196,12,0.9993
551,5,0.45
249,22,0.9873
603,12,0.9975
423,8,0.9769
255,3,0.992
113,2,0.9728
577,14,0.9627
194,20,0.9879
323,20,0.9864
247,1,0.7747
295,4,0.8559
113,18,0.9866
274,0,0.9953
592,3,0.972
573,15,0.9175
337,4,0.9823
541,25,0.9987
528,1,0.9947
99,5,0.9908
512,6,0.3458
173,5,0.2302
333,13,0.4833
199,12,0.9983
559,4,0.9863
9,7,0.9956
310,6,0.226
506,11,0.7628
553,22,0.9895
47,3,0.9716
214,1,0.9984
22,24,0.5572
475,16,0.9758
187,9,0.9994
576,16,0.6932
279,1,0.9943
12,13,0.9975
556,1,0.9989
330,8,0.994
418,14,0.1845
600,12,0.9895
537,18,0.9854
526,14,0.9745
551,11,0.8949
46,12,0.9974
342,19,0.4613
481,19,0.0582
563,7,0.9892
373,21,0.1177
79,16,0.4776
515,10,0.7015
602,3,0.9841
578,1,0.9971
91,13,0.265
189,23,0.999
429,0,0.9456
434,7,0.5958
590,6,0.9614
422,15,0.9983
538,19,0.9121
237,14,0.204
335,21,0.1616
246,20,0.8734
617,18,0.8937
408,4,0.996
460,23,0.9992
597,23,0.9968
107,3,0.9921
31,12,0.9967
131,23,0.9975
484,12,0.9934
242,8,0.0746
503,7,0.9802
391,25,0.9974
299,0,0.998
252,3,0.9884
20,8,0.5028
522,4,0.994
422,7,0.9962
186,4,0.9971
542,6,0.9396
5,4,0.9872
614,22,0.1369
71,9,0.9993
518,19,0.3875
152,4,0.8986
180,19,0.8127
563,9,0.9959
354,5,0.996
599,12,0.9954
153,18,0.9399
44,19,0.1153
362,25,0.9989
571,1,0.9967
381,9,0.9469
509,16,0.9942
328,10,0.0925
119,0,0.9895
104,24,0.9831
23,4,0.9903
369,17,0.946
35,11,0.5931
565,18,0.9991
485,2,0.9976
228,10,0.9927
449,20,0.4099
116,20,0.9662
256,21,0.9993
0,8,0.0748
33,5,0.9908
122,20,0.9747
195,12,0.9971
257,20,0.9541
272,24,0.9832
77,7,0.3097
338,7,0.997
324,12,0.8184
315,5,0.1924
376,0,0.512
483,7,0.8122
1,21,0.9973
85,1,0.9908
560,3,0.9669
179,4,0.9955
174,15,0.9736
501,16,0.0771
98,5,0.9878
254,16,0.9917
129,20,0.8204
533,17,0.6061
176,7,0.8629
229,20,0.9625
212,14,0.9868
446,15,0.9984
121,10,0.9866
212,2,0.9985
364,11,0.8534
253,13,0.9885
553,21,0.9993
208,0,0.7846
480,3,0.994
35,22,0.9952
510,16,0.9957
304,18,0.9991
524,11,0.8256
556,5,0.9823
564,21,0.999
501,9,0.1148
532,24,0.3393
56,15,0.9981
383,7,0.2414
435,7,0.8806
505,19,0.9939
77,3,0.7589
551,10,0.9982
396,2,0.9979
90,8,0.7463
99,16,0.9934
192,2,0.9969
475,11,0.8659
600,24,0.9979
616,21,0.2657
391,21,0.9993
557,19,0.1174
373,7,0.8307
203,10,0.9961
406,5,0.9423
134,1,0.6301
118,13,0.9421
517,7,0.997
12,10,0.9989
33,0,0.9964
527,19,0.101
322,22,0.2845
59,21,0.9985
5,24,0.998
375,25,0.999
446,11,0.4448
212,11,0.9167
300,24,0.9985
465,15,0.9981
409,22,0.6947
59,2,0.9959
592,12,0.9992
177,9,0.3632
528,20,0.3786
288,19,0.0624
387,5,0.9868
150,16,0.9874
289,1,0.1587
594,9,0.9993
263,14,0.5933
605,20,0.9532
90,25,0.2845
320,4,0.9969
110,9,0.9994
300,12,0.9992
102,4,0.9951
111,11,0.9009
475,5,0.8864
608,18,0.9847
229,9,0.9974
582,1,0.9966
54,10,0.9995
418,25,0.5043
111,0,0.992
317,21,0.9952
463,2,0.9968
545,2,0.9948
173,6,0.9828
136,13,0.5154
113,24,0.9485
129,10,0.4162
359,1,0.9987
615,5,0.9969
450,24,0.9978
6,17,0.9992
35,10,0.9994
546,16,0.9232
91,19,0.0965
85,21,0.9992
10,8,0.9977
34,20,0.9737
149,11,0.3936
205,8,0.0928
211,18,0.9993
542,20,0.9735
172,16,0.6155
170,2,0.9834
460,13,0.9952
83,18,0.1143
388,17,0.9992
604,19,0.9325
247,20,0.1139
260,17,0.9789
169,7,0.8231
67,4,0.9965
550,19,0.5181
265,11,0.5435
179,19,0.9359
449,18,0.9985
86,21,0.9928
376,2,0.9762
498,12,0.1537
132,19,0.8699
359,13,0.9869
396,0,0.8625
61,25,0.9985
389,9,0.9994
257,18,0.9987
128,24,0.9972
168,17,0.9965
509,3,0.9344
504,9,0.9993
14,25,0.9398
538,4,0.996
52,19,0.0608
274,17,0.9963
361,2,0.996
47,8,0.7105
97,24,0.9965
198,1,0.9946
247,23,0.0995
316,5,0.9724
304,11,0.6677
602,8,0.9227
368,5,0.9553
616,13,0.7997
216,0,0.9941
147,22,0.9963
309,5,0.772
104,15,0.9987
294,22,0.9919
90,14,0.6361
462,6,0.9043
94,8,0.0738
469,18,0.8753
442,3,0.9891
611,0,0.8089
465,17,0.9984
274,2,0.9887
436,22,0.9873
463,14,0.9952
332,23,0.2123
384,5,0.8695
376,13,0.4354
508,18,0.9991
176,10,0.2116
61,16,0.8546
124,8,0.9711
129,25,0.9958
443,15,0.8834
455,15,0.8454
457,20,0.2427
361,14,0.9917
196,8,0.9148
121,20,0.4257
144,1,0.9978
239,5,0.9828
415,19,0.144
393,11,0.7
271,5,0.1494
385,17,0.2092
332,14,0.9547
118,8,0.9605
479,8,0.1876
196,24,0.9971
109,7,0.8033
437,4,0.9093
533,3,0.9807
272,19,0.9329
476,15,0.9986
590,9,0.9994
134,16,0.606
69,12,0.9858
308,19,0.6652
18,7,0.9971
383,2,0.6762
423,23,0.9988
483,14,0.7753
563,11,0.7265
415,6,0.9795
1,4,0.9746
233,22,0.9928
229,8,0.0684
189,6,0.9294
437,10,0.994
570,12,0.9953
205,16,0.1026
13,23,0.9917
148,24,0.9978
15,15,0.9972
392,6,0.9109
42,7,0.8638
39,2,0.9896
352,5,0.1614
112,5,0.8232
266,16,0.527
192,8,0.9953
66,18,0.6235
617,24,0.114
6,25,0.9942
56,14,0.9765
374,23,0.2602
211,12,0.9983
431,2,0.9829
34,1,0.9987
318,10,0.8401
490,13,0.9791
152,16,0.9921
561,25,0.9985
441,20,0.9285
349,14,0.9938
486,7,0.9753
585,16,0.7184
602,15,0.9554
151,18,0.9987
512,23,0.9471
304,20,0.9818
479,0,0.2864
584,17,0.9704
441,15,0.9987
373,11,0.7134
455,16,0.9711
103,0,0.9979
349,17,0.9987
538,1,0.9965
2,16,0.979
384,9,0.6159
145,2,0.9966
428,19,0.9791
210,25,0.7333
582,24,0.8775
138,23,0.9994
38,18,0.9984
376,17,0.9908
28,1,0.9988
202,10,0.9583
462,23,0.9986
484,14,0.4123
39,6,0.9714
298,6,0.9794
219,2,0.9898
213,20,0.9739
540,5,0.9971
187,10,0.9944
544,7,0.9964
311,11,0.8712
87,23,0.9352
556,8,0.8151
43,8,0.9799
521,14,0.9928
445,22,0.9561
345,10,0.9994
264,1,0.9862
586,7,0.9958
543,0,0.997
269,14,0.9855
136,25,0.8602
606,19,0.1554
68,9,0.9919
285,7,0.9842
492,10,0.998
602,21,0.9993
609,22,0.9923
137,24,0.0639
122,1,0.9986
319,15,0.9706
26,10,0.9987
207,13,0.1574
601,24,0.9546
124,3,0.9898
287,3,0.9881
372,4,0.996
23,3,0.9913
157,25,0.9987
214,19,0.7749
433,20,0.7382
333,0,0.8281
138,21,0.9993
98,21,0.9994
107,6,0.9772
429,3,0.9905
52,17,0.7893
95,1,0.9755
247,16,0.0882
272,2,0.9909
221,13,0.9948
289,7,0.6196
265,10,0.9805
510,0,0.9985
274,15,0.997
448,21,0.9971
480,10,0.9945
261,25,0.9982
339,7,0.9962
97,23,0.9993
602,22,0.9946
220,1,0.9992
90,24,0.1415
596,21,0.99
346,18,0.9884
356,14,0.3595
336,15,0.4225
130,24,0.1086
563,16,0.9922
15,19,0.9227
240,25,0.9856
65,23,0.9992
313,13,0.9961
76,10,0.9994
125,1,0.9978
108,3,0.9782
100,10,0.9993
340,11,0.7984
201,13,0.8157
523,1,0.9963
248,12,0.0602
76,17,0.9929
587,1,0.9492
399,16,0.9779
385,24,0.0822
142,25,0.9975
323,5,0.1701
236,18,0.6233
496,16,0.7584
313,24,0.958
525,8,0.24
100,13,0.9911
530,0,0.7861
394,24,0.9992
80,14,0.7424
366,20,0.8451
301,12,0.9974
523,13,0.1571
225,10,0.9946
49,16,0.972
49,4,0.9977
218,25,0.9989
447,9,0.9992
200,9,0.9903
329,9,0.2704
568,18,0.998
596,11,0.7665
74,18,0.988
186,22,0.9351
513,23,0.9358
555,3,0.9851
359,14,0.8343
221,20,0.2543
310,25,0.9567
317,24,0.9966
467,4,0.9955
94,2,0.4841
493,15,0.9728
499,21,0.0661
335,25,0.2099
400,4,0.9956
134,15,0.8057
396,23,0.9989
497,12,0.2848
143,21,0.9994
423,19,0.5246
600,10,0.9994
